<annotation>
	<folder>train</folder>
	<filename>frame3906.jpg</filename>
	<path>C:\Users\100707158\AtomProjects\obj_detect_test\train\frame3906.jpg</path>
	<source>
		<database>Unknown</database>
	</source>
	<size>
		<width>640</width>
		<height>360</height>
		<depth>3</depth>
	</size>
	<segmented>0</segmented>
	<object>
		<name>Player</name>
		<pose>Unspecified</pose>
		<truncated>0</truncated>
		<difficult>0</difficult>
		<bndbox>
			<xmin>284</xmin>
			<ymin>189</ymin>
			<xmax>314</xmax>
			<ymax>254</ymax>
		</bndbox>
	</object>
	<object>
		<name>Player</name>
		<pose>Unspecified</pose>
		<truncated>0</truncated>
		<difficult>0</difficult>
		<bndbox>
			<xmin>173</xmin>
			<ymin>107</ymin>
			<xmax>195</xmax>
			<ymax>157</ymax>
		</bndbox>
	</object>
</annotation>
