<annotation>
	<folder>train</folder>
	<filename>frame4410.jpg</filename>
	<path>C:\Users\100707158\AtomProjects\obj_detect_test\train\frame4410.jpg</path>
	<source>
		<database>Unknown</database>
	</source>
	<size>
		<width>640</width>
		<height>360</height>
		<depth>3</depth>
	</size>
	<segmented>0</segmented>
	<object>
		<name>Player</name>
		<pose>Unspecified</pose>
		<truncated>0</truncated>
		<difficult>0</difficult>
		<bndbox>
			<xmin>211</xmin>
			<ymin>238</ymin>
			<xmax>260</xmax>
			<ymax>332</ymax>
		</bndbox>
	</object>
	<object>
		<name>Player</name>
		<pose>Unspecified</pose>
		<truncated>0</truncated>
		<difficult>0</difficult>
		<bndbox>
			<xmin>359</xmin>
			<ymin>39</ymin>
			<xmax>377</xmax>
			<ymax>70</ymax>
		</bndbox>
	</object>
	<object>
		<name>Ball</name>
		<pose>Unspecified</pose>
		<truncated>0</truncated>
		<difficult>0</difficult>
		<bndbox>
			<xmin>315</xmin>
			<ymin>88</ymin>
			<xmax>320</xmax>
			<ymax>94</ymax>
		</bndbox>
	</object>
</annotation>
