<annotation>
	<folder>train</folder>
	<filename>frame5670.jpg</filename>
	<path>C:\Users\100707158\AtomProjects\obj_detect_test\train\frame5670.jpg</path>
	<source>
		<database>Unknown</database>
	</source>
	<size>
		<width>640</width>
		<height>360</height>
		<depth>3</depth>
	</size>
	<segmented>0</segmented>
	<object>
		<name>Player</name>
		<pose>Unspecified</pose>
		<truncated>0</truncated>
		<difficult>0</difficult>
		<bndbox>
			<xmin>475</xmin>
			<ymin>222</ymin>
			<xmax>520</xmax>
			<ymax>288</ymax>
		</bndbox>
	</object>
	<object>
		<name>Player</name>
		<pose>Unspecified</pose>
		<truncated>0</truncated>
		<difficult>0</difficult>
		<bndbox>
			<xmin>314</xmin>
			<ymin>25</ymin>
			<xmax>337</xmax>
			<ymax>65</ymax>
		</bndbox>
	</object>
	<object>
		<name>Ball</name>
		<pose>Unspecified</pose>
		<truncated>0</truncated>
		<difficult>0</difficult>
		<bndbox>
			<xmin>351</xmin>
			<ymin>44</ymin>
			<xmax>356</xmax>
			<ymax>48</ymax>
		</bndbox>
	</object>
</annotation>
