<annotation>
	<folder>train</folder>
	<filename>frame2520.jpg</filename>
	<path>C:\Users\100707158\AtomProjects\obj_detect_test\train\frame2520.jpg</path>
	<source>
		<database>Unknown</database>
	</source>
	<size>
		<width>640</width>
		<height>360</height>
		<depth>3</depth>
	</size>
	<segmented>0</segmented>
	<object>
		<name>Player</name>
		<pose>Unspecified</pose>
		<truncated>0</truncated>
		<difficult>0</difficult>
		<bndbox>
			<xmin>311</xmin>
			<ymin>241</ymin>
			<xmax>341</xmax>
			<ymax>313</ymax>
		</bndbox>
	</object>
	<object>
		<name>Player</name>
		<pose>Unspecified</pose>
		<truncated>0</truncated>
		<difficult>0</difficult>
		<bndbox>
			<xmin>303</xmin>
			<ymin>47</ymin>
			<xmax>326</xmax>
			<ymax>83</ymax>
		</bndbox>
	</object>
	<object>
		<name>Ball</name>
		<pose>Unspecified</pose>
		<truncated>0</truncated>
		<difficult>0</difficult>
		<bndbox>
			<xmin>294</xmin>
			<ymin>69</ymin>
			<xmax>299</xmax>
			<ymax>74</ymax>
		</bndbox>
	</object>
</annotation>
