<annotation>
	<folder>train</folder>
	<filename>frame1008.jpg</filename>
	<path>C:\Users\100707158\AtomProjects\obj_detect_test\train\frame1008.jpg</path>
	<source>
		<database>Unknown</database>
	</source>
	<size>
		<width>640</width>
		<height>360</height>
		<depth>3</depth>
	</size>
	<segmented>0</segmented>
	<object>
		<name>Player</name>
		<pose>Unspecified</pose>
		<truncated>1</truncated>
		<difficult>0</difficult>
		<bndbox>
			<xmin>1</xmin>
			<ymin>88</ymin>
			<xmax>87</xmax>
			<ymax>321</ymax>
		</bndbox>
	</object>
	<object>
		<name>Ball</name>
		<pose>Unspecified</pose>
		<truncated>0</truncated>
		<difficult>0</difficult>
		<bndbox>
			<xmin>466</xmin>
			<ymin>89</ymin>
			<xmax>478</xmax>
			<ymax>98</ymax>
		</bndbox>
	</object>
</annotation>
