<annotation>
	<folder>train</folder>
	<filename>frame2646.jpg</filename>
	<path>C:\Users\100707158\AtomProjects\obj_detect_test\train\frame2646.jpg</path>
	<source>
		<database>Unknown</database>
	</source>
	<size>
		<width>640</width>
		<height>360</height>
		<depth>3</depth>
	</size>
	<segmented>0</segmented>
	<object>
		<name>Player</name>
		<pose>Unspecified</pose>
		<truncated>0</truncated>
		<difficult>0</difficult>
		<bndbox>
			<xmin>247</xmin>
			<ymin>223</ymin>
			<xmax>277</xmax>
			<ymax>290</ymax>
		</bndbox>
	</object>
	<object>
		<name>Player</name>
		<pose>Unspecified</pose>
		<truncated>0</truncated>
		<difficult>0</difficult>
		<bndbox>
			<xmin>474</xmin>
			<ymin>73</ymin>
			<xmax>497</xmax>
			<ymax>118</ymax>
		</bndbox>
	</object>
</annotation>
