<annotation>
	<folder>train</folder>
	<filename>frame1890.jpg</filename>
	<path>C:\Users\100707158\AtomProjects\obj_detect_test\train\frame1890.jpg</path>
	<source>
		<database>Unknown</database>
	</source>
	<size>
		<width>640</width>
		<height>360</height>
		<depth>3</depth>
	</size>
	<segmented>0</segmented>
	<object>
		<name>Player</name>
		<pose>Unspecified</pose>
		<truncated>0</truncated>
		<difficult>0</difficult>
		<bndbox>
			<xmin>297</xmin>
			<ymin>219</ymin>
			<xmax>338</xmax>
			<ymax>297</ymax>
		</bndbox>
	</object>
	<object>
		<name>Player</name>
		<pose>Unspecified</pose>
		<truncated>0</truncated>
		<difficult>0</difficult>
		<bndbox>
			<xmin>419</xmin>
			<ymin>48</ymin>
			<xmax>449</xmax>
			<ymax>77</ymax>
		</bndbox>
	</object>
	<object>
		<name>Ball</name>
		<pose>Unspecified</pose>
		<truncated>0</truncated>
		<difficult>0</difficult>
		<bndbox>
			<xmin>360</xmin>
			<ymin>143</ymin>
			<xmax>367</xmax>
			<ymax>153</ymax>
		</bndbox>
	</object>
</annotation>
