<annotation>
	<folder>train</folder>
	<filename>frame3024.jpg</filename>
	<path>C:\Users\100707158\AtomProjects\obj_detect_test\train\frame3024.jpg</path>
	<source>
		<database>Unknown</database>
	</source>
	<size>
		<width>640</width>
		<height>360</height>
		<depth>3</depth>
	</size>
	<segmented>0</segmented>
	<object>
		<name>Player</name>
		<pose>Unspecified</pose>
		<truncated>0</truncated>
		<difficult>0</difficult>
		<bndbox>
			<xmin>318</xmin>
			<ymin>174</ymin>
			<xmax>344</xmax>
			<ymax>244</ymax>
		</bndbox>
	</object>
	<object>
		<name>Player</name>
		<pose>Unspecified</pose>
		<truncated>0</truncated>
		<difficult>0</difficult>
		<bndbox>
			<xmin>345</xmin>
			<ymin>30</ymin>
			<xmax>361</xmax>
			<ymax>69</ymax>
		</bndbox>
	</object>
</annotation>
