<annotation>
	<folder>train</folder>
	<filename>frame3150.jpg</filename>
	<path>C:\Users\100707158\AtomProjects\obj_detect_test\train\frame3150.jpg</path>
	<source>
		<database>Unknown</database>
	</source>
	<size>
		<width>640</width>
		<height>360</height>
		<depth>3</depth>
	</size>
	<segmented>0</segmented>
	<object>
		<name>Player</name>
		<pose>Unspecified</pose>
		<truncated>0</truncated>
		<difficult>0</difficult>
		<bndbox>
			<xmin>172</xmin>
			<ymin>232</ymin>
			<xmax>215</xmax>
			<ymax>304</ymax>
		</bndbox>
	</object>
	<object>
		<name>Player</name>
		<pose>Unspecified</pose>
		<truncated>0</truncated>
		<difficult>0</difficult>
		<bndbox>
			<xmin>372</xmin>
			<ymin>35</ymin>
			<xmax>394</xmax>
			<ymax>69</ymax>
		</bndbox>
	</object>
	<object>
		<name>Ball</name>
		<pose>Unspecified</pose>
		<truncated>0</truncated>
		<difficult>0</difficult>
		<bndbox>
			<xmin>415</xmin>
			<ymin>59</ymin>
			<xmax>422</xmax>
			<ymax>64</ymax>
		</bndbox>
	</object>
</annotation>
