<annotation>
	<folder>train</folder>
	<filename>frame5166.jpg</filename>
	<path>C:\Users\100707158\AtomProjects\obj_detect_test\train\frame5166.jpg</path>
	<source>
		<database>Unknown</database>
	</source>
	<size>
		<width>640</width>
		<height>360</height>
		<depth>3</depth>
	</size>
	<segmented>0</segmented>
	<object>
		<name>Player</name>
		<pose>Unspecified</pose>
		<truncated>0</truncated>
		<difficult>0</difficult>
		<bndbox>
			<xmin>325</xmin>
			<ymin>28</ymin>
			<xmax>343</xmax>
			<ymax>66</ymax>
		</bndbox>
	</object>
	<object>
		<name>Player</name>
		<pose>Unspecified</pose>
		<truncated>0</truncated>
		<difficult>0</difficult>
		<bndbox>
			<xmin>320</xmin>
			<ymin>256</ymin>
			<xmax>362</xmax>
			<ymax>337</ymax>
		</bndbox>
	</object>
	<object>
		<name>Ball</name>
		<pose>Unspecified</pose>
		<truncated>0</truncated>
		<difficult>0</difficult>
		<bndbox>
			<xmin>301</xmin>
			<ymin>269</ymin>
			<xmax>307</xmax>
			<ymax>277</ymax>
		</bndbox>
	</object>
</annotation>
