<annotation>
	<folder>train</folder>
	<filename>frame4914.jpg</filename>
	<path>C:\Users\100707158\AtomProjects\obj_detect_test\train\frame4914.jpg</path>
	<source>
		<database>Unknown</database>
	</source>
	<size>
		<width>640</width>
		<height>360</height>
		<depth>3</depth>
	</size>
	<segmented>0</segmented>
	<object>
		<name>Player</name>
		<pose>Unspecified</pose>
		<truncated>0</truncated>
		<difficult>0</difficult>
		<bndbox>
			<xmin>279</xmin>
			<ymin>188</ymin>
			<xmax>312</xmax>
			<ymax>257</ymax>
		</bndbox>
	</object>
	<object>
		<name>Ball</name>
		<pose>Unspecified</pose>
		<truncated>0</truncated>
		<difficult>0</difficult>
		<bndbox>
			<xmin>357</xmin>
			<ymin>255</ymin>
			<xmax>364</xmax>
			<ymax>260</ymax>
		</bndbox>
	</object>
	<object>
		<name>Player</name>
		<pose>Unspecified</pose>
		<truncated>0</truncated>
		<difficult>0</difficult>
		<bndbox>
			<xmin>393</xmin>
			<ymin>69</ymin>
			<xmax>411</xmax>
			<ymax>106</ymax>
		</bndbox>
	</object>
</annotation>
