<annotation>
	<folder>train</folder>
	<filename>frame1386.jpg</filename>
	<path>C:\Users\100707158\AtomProjects\obj_detect_test\train\frame1386.jpg</path>
	<source>
		<database>Unknown</database>
	</source>
	<size>
		<width>640</width>
		<height>360</height>
		<depth>3</depth>
	</size>
	<segmented>0</segmented>
	<object>
		<name>Player</name>
		<pose>Unspecified</pose>
		<truncated>0</truncated>
		<difficult>0</difficult>
		<bndbox>
			<xmin>181</xmin>
			<ymin>224</ymin>
			<xmax>215</xmax>
			<ymax>304</ymax>
		</bndbox>
	</object>
	<object>
		<name>Player</name>
		<pose>Unspecified</pose>
		<truncated>0</truncated>
		<difficult>0</difficult>
		<bndbox>
			<xmin>339</xmin>
			<ymin>40</ymin>
			<xmax>357</xmax>
			<ymax>78</ymax>
		</bndbox>
	</object>
</annotation>
