<annotation>
	<folder>train</folder>
	<filename>frame2016.jpg</filename>
	<path>C:\Users\100707158\AtomProjects\obj_detect_test\train\frame2016.jpg</path>
	<source>
		<database>Unknown</database>
	</source>
	<size>
		<width>640</width>
		<height>360</height>
		<depth>3</depth>
	</size>
	<segmented>0</segmented>
	<object>
		<name>Player</name>
		<pose>Unspecified</pose>
		<truncated>0</truncated>
		<difficult>0</difficult>
		<bndbox>
			<xmin>326</xmin>
			<ymin>125</ymin>
			<xmax>351</xmax>
			<ymax>170</ymax>
		</bndbox>
	</object>
	<object>
		<name>Player</name>
		<pose>Unspecified</pose>
		<truncated>0</truncated>
		<difficult>0</difficult>
		<bndbox>
			<xmin>273</xmin>
			<ymin>43</ymin>
			<xmax>298</xmax>
			<ymax>73</ymax>
		</bndbox>
	</object>
	<object>
		<name>Ball</name>
		<pose>Unspecified</pose>
		<truncated>0</truncated>
		<difficult>0</difficult>
		<bndbox>
			<xmin>228</xmin>
			<ymin>65</ymin>
			<xmax>235</xmax>
			<ymax>72</ymax>
		</bndbox>
	</object>
</annotation>
