<annotation>
	<folder>train</folder>
	<filename>frame1512.jpg</filename>
	<path>C:\Users\100707158\AtomProjects\obj_detect_test\train\frame1512.jpg</path>
	<source>
		<database>Unknown</database>
	</source>
	<size>
		<width>640</width>
		<height>360</height>
		<depth>3</depth>
	</size>
	<segmented>0</segmented>
	<object>
		<name>Player</name>
		<pose>Unspecified</pose>
		<truncated>0</truncated>
		<difficult>0</difficult>
		<bndbox>
			<xmin>246</xmin>
			<ymin>257</ymin>
			<xmax>293</xmax>
			<ymax>336</ymax>
		</bndbox>
	</object>
	<object>
		<name>Player</name>
		<pose>Unspecified</pose>
		<truncated>0</truncated>
		<difficult>0</difficult>
		<bndbox>
			<xmin>433</xmin>
			<ymin>48</ymin>
			<xmax>458</xmax>
			<ymax>82</ymax>
		</bndbox>
	</object>
</annotation>
