<annotation>
	<folder>train</folder>
	<filename>frame1638.jpg</filename>
	<path>C:\Users\100707158\AtomProjects\obj_detect_test\train\frame1638.jpg</path>
	<source>
		<database>Unknown</database>
	</source>
	<size>
		<width>640</width>
		<height>360</height>
		<depth>3</depth>
	</size>
	<segmented>0</segmented>
	<object>
		<name>Player</name>
		<pose>Unspecified</pose>
		<truncated>0</truncated>
		<difficult>0</difficult>
		<bndbox>
			<xmin>258</xmin>
			<ymin>243</ymin>
			<xmax>313</xmax>
			<ymax>320</ymax>
		</bndbox>
	</object>
	<object>
		<name>Player</name>
		<pose>Unspecified</pose>
		<truncated>0</truncated>
		<difficult>0</difficult>
		<bndbox>
			<xmin>294</xmin>
			<ymin>63</ymin>
			<xmax>325</xmax>
			<ymax>106</ymax>
		</bndbox>
	</object>
	<object>
		<name>Ball</name>
		<pose>Unspecified</pose>
		<truncated>0</truncated>
		<difficult>0</difficult>
		<bndbox>
			<xmin>372</xmin>
			<ymin>107</ymin>
			<xmax>378</xmax>
			<ymax>112</ymax>
		</bndbox>
	</object>
</annotation>
