<annotation>
	<folder>train</folder>
	<filename>frame13356.jpg</filename>
	<path>C:\Users\100707158\AtomProjects\obj_detect_test\train\frame13356.jpg</path>
	<source>
		<database>Unknown</database>
	</source>
	<size>
		<width>640</width>
		<height>360</height>
		<depth>3</depth>
	</size>
	<segmented>0</segmented>
	<object>
		<name>Player</name>
		<pose>Unspecified</pose>
		<truncated>0</truncated>
		<difficult>0</difficult>
		<bndbox>
			<xmin>397</xmin>
			<ymin>208</ymin>
			<xmax>432</xmax>
			<ymax>272</ymax>
		</bndbox>
	</object>
	<object>
		<name>Ball</name>
		<pose>Unspecified</pose>
		<truncated>0</truncated>
		<difficult>0</difficult>
		<bndbox>
			<xmin>213</xmin>
			<ymin>176</ymin>
			<xmax>220</xmax>
			<ymax>181</ymax>
		</bndbox>
	</object>
	<object>
		<name>Player</name>
		<pose>Unspecified</pose>
		<truncated>0</truncated>
		<difficult>0</difficult>
		<bndbox>
			<xmin>287</xmin>
			<ymin>68</ymin>
			<xmax>312</xmax>
			<ymax>108</ymax>
		</bndbox>
	</object>
</annotation>
