<annotation>
	<folder>train</folder>
	<filename>frame4788.jpg</filename>
	<path>C:\Users\100707158\AtomProjects\obj_detect_test\train\frame4788.jpg</path>
	<source>
		<database>Unknown</database>
	</source>
	<size>
		<width>640</width>
		<height>360</height>
		<depth>3</depth>
	</size>
	<segmented>0</segmented>
	<object>
		<name>Player</name>
		<pose>Unspecified</pose>
		<truncated>0</truncated>
		<difficult>0</difficult>
		<bndbox>
			<xmin>357</xmin>
			<ymin>145</ymin>
			<xmax>381</xmax>
			<ymax>209</ymax>
		</bndbox>
	</object>
	<object>
		<name>Player</name>
		<pose>Unspecified</pose>
		<truncated>0</truncated>
		<difficult>0</difficult>
		<bndbox>
			<xmin>278</xmin>
			<ymin>38</ymin>
			<xmax>298</xmax>
			<ymax>67</ymax>
		</bndbox>
	</object>
	<object>
		<name>Ball</name>
		<pose>Unspecified</pose>
		<truncated>0</truncated>
		<difficult>0</difficult>
		<bndbox>
			<xmin>376</xmin>
			<ymin>90</ymin>
			<xmax>381</xmax>
			<ymax>98</ymax>
		</bndbox>
	</object>
</annotation>
