<annotation>
	<folder>train</folder>
	<filename>frame5040.jpg</filename>
	<path>C:\Users\100707158\AtomProjects\obj_detect_test\train\frame5040.jpg</path>
	<source>
		<database>Unknown</database>
	</source>
	<size>
		<width>640</width>
		<height>360</height>
		<depth>3</depth>
	</size>
	<segmented>0</segmented>
	<object>
		<name>Player</name>
		<pose>Unspecified</pose>
		<truncated>0</truncated>
		<difficult>0</difficult>
		<bndbox>
			<xmin>276</xmin>
			<ymin>230</ymin>
			<xmax>311</xmax>
			<ymax>308</ymax>
		</bndbox>
	</object>
	<object>
		<name>Player</name>
		<pose>Unspecified</pose>
		<truncated>0</truncated>
		<difficult>0</difficult>
		<bndbox>
			<xmin>387</xmin>
			<ymin>33</ymin>
			<xmax>403</xmax>
			<ymax>73</ymax>
		</bndbox>
	</object>
</annotation>
