<annotation>
	<folder>train</folder>
	<filename>frame2898.jpg</filename>
	<path>C:\Users\100707158\AtomProjects\obj_detect_test\train\frame2898.jpg</path>
	<source>
		<database>Unknown</database>
	</source>
	<size>
		<width>640</width>
		<height>360</height>
		<depth>3</depth>
	</size>
	<segmented>0</segmented>
	<object>
		<name>Player</name>
		<pose>Unspecified</pose>
		<truncated>0</truncated>
		<difficult>0</difficult>
		<bndbox>
			<xmin>308</xmin>
			<ymin>233</ymin>
			<xmax>353</xmax>
			<ymax>295</ymax>
		</bndbox>
	</object>
	<object>
		<name>Player</name>
		<pose>Unspecified</pose>
		<truncated>0</truncated>
		<difficult>0</difficult>
		<bndbox>
			<xmin>205</xmin>
			<ymin>57</ymin>
			<xmax>222</xmax>
			<ymax>87</ymax>
		</bndbox>
	</object>
	<object>
		<name>Ball</name>
		<pose>Unspecified</pose>
		<truncated>0</truncated>
		<difficult>0</difficult>
		<bndbox>
			<xmin>232</xmin>
			<ymin>80</ymin>
			<xmax>238</xmax>
			<ymax>86</ymax>
		</bndbox>
	</object>
</annotation>
