<annotation>
	<folder>train</folder>
	<filename>frame5544.jpg</filename>
	<path>C:\Users\100707158\AtomProjects\obj_detect_test\train\frame5544.jpg</path>
	<source>
		<database>Unknown</database>
	</source>
	<size>
		<width>640</width>
		<height>360</height>
		<depth>3</depth>
	</size>
	<segmented>0</segmented>
	<object>
		<name>Player</name>
		<pose>Unspecified</pose>
		<truncated>0</truncated>
		<difficult>0</difficult>
		<bndbox>
			<xmin>383</xmin>
			<ymin>221</ymin>
			<xmax>427</xmax>
			<ymax>296</ymax>
		</bndbox>
	</object>
	<object>
		<name>Ball</name>
		<pose>Unspecified</pose>
		<truncated>0</truncated>
		<difficult>0</difficult>
		<bndbox>
			<xmin>275</xmin>
			<ymin>104</ymin>
			<xmax>281</xmax>
			<ymax>109</ymax>
		</bndbox>
	</object>
	<object>
		<name>Player</name>
		<pose>Unspecified</pose>
		<truncated>0</truncated>
		<difficult>0</difficult>
		<bndbox>
			<xmin>299</xmin>
			<ymin>34</ymin>
			<xmax>328</xmax>
			<ymax>64</ymax>
		</bndbox>
	</object>
</annotation>
