<annotation>
	<folder>train</folder>
	<filename>frame4284.jpg</filename>
	<path>C:\Users\100707158\AtomProjects\obj_detect_test\train\frame4284.jpg</path>
	<source>
		<database>Unknown</database>
	</source>
	<size>
		<width>640</width>
		<height>360</height>
		<depth>3</depth>
	</size>
	<segmented>0</segmented>
	<object>
		<name>Player</name>
		<pose>Unspecified</pose>
		<truncated>0</truncated>
		<difficult>0</difficult>
		<bndbox>
			<xmin>254</xmin>
			<ymin>249</ymin>
			<xmax>312</xmax>
			<ymax>322</ymax>
		</bndbox>
	</object>
	<object>
		<name>Player</name>
		<pose>Unspecified</pose>
		<truncated>0</truncated>
		<difficult>0</difficult>
		<bndbox>
			<xmin>432</xmin>
			<ymin>50</ymin>
			<xmax>458</xmax>
			<ymax>81</ymax>
		</bndbox>
	</object>
	<object>
		<name>Ball</name>
		<pose>Unspecified</pose>
		<truncated>0</truncated>
		<difficult>0</difficult>
		<bndbox>
			<xmin>365</xmin>
			<ymin>86</ymin>
			<xmax>369</xmax>
			<ymax>92</ymax>
		</bndbox>
	</object>
</annotation>
