<annotation>
	<folder>train</folder>
	<filename>frame13860.jpg</filename>
	<path>C:\Users\100707158\AtomProjects\obj_detect_test\train\frame13860.jpg</path>
	<source>
		<database>Unknown</database>
	</source>
	<size>
		<width>640</width>
		<height>360</height>
		<depth>3</depth>
	</size>
	<segmented>0</segmented>
	<object>
		<name>Player</name>
		<pose>Unspecified</pose>
		<truncated>0</truncated>
		<difficult>0</difficult>
		<bndbox>
			<xmin>409</xmin>
			<ymin>252</ymin>
			<xmax>469</xmax>
			<ymax>304</ymax>
		</bndbox>
	</object>
	<object>
		<name>Ball</name>
		<pose>Unspecified</pose>
		<truncated>0</truncated>
		<difficult>0</difficult>
		<bndbox>
			<xmin>481</xmin>
			<ymin>237</ymin>
			<xmax>489</xmax>
			<ymax>244</ymax>
		</bndbox>
	</object>
	<object>
		<name>Player</name>
		<pose>Unspecified</pose>
		<truncated>0</truncated>
		<difficult>0</difficult>
		<bndbox>
			<xmin>321</xmin>
			<ymin>99</ymin>
			<xmax>339</xmax>
			<ymax>134</ymax>
		</bndbox>
	</object>
</annotation>
