<annotation>
	<folder>train</folder>
	<filename>frame14238.jpg</filename>
	<path>C:\Users\100707158\AtomProjects\obj_detect_test\train\frame14238.jpg</path>
	<source>
		<database>Unknown</database>
	</source>
	<size>
		<width>640</width>
		<height>360</height>
		<depth>3</depth>
	</size>
	<segmented>0</segmented>
	<object>
		<name>Player</name>
		<pose>Unspecified</pose>
		<truncated>0</truncated>
		<difficult>0</difficult>
		<bndbox>
			<xmin>188</xmin>
			<ymin>221</ymin>
			<xmax>234</xmax>
			<ymax>292</ymax>
		</bndbox>
	</object>
	<object>
		<name>Ball</name>
		<pose>Unspecified</pose>
		<truncated>0</truncated>
		<difficult>0</difficult>
		<bndbox>
			<xmin>352</xmin>
			<ymin>47</ymin>
			<xmax>357</xmax>
			<ymax>52</ymax>
		</bndbox>
	</object>
	<object>
		<name>Player</name>
		<pose>Unspecified</pose>
		<truncated>0</truncated>
		<difficult>0</difficult>
		<bndbox>
			<xmin>382</xmin>
			<ymin>24</ymin>
			<xmax>401</xmax>
			<ymax>52</ymax>
		</bndbox>
	</object>
</annotation>
