<annotation>
	<folder>train</folder>
	<filename>frame5292.jpg</filename>
	<path>C:\Users\100707158\AtomProjects\obj_detect_test\train\frame5292.jpg</path>
	<source>
		<database>Unknown</database>
	</source>
	<size>
		<width>640</width>
		<height>360</height>
		<depth>3</depth>
	</size>
	<segmented>0</segmented>
	<object>
		<name>Player</name>
		<pose>Unspecified</pose>
		<truncated>0</truncated>
		<difficult>0</difficult>
		<bndbox>
			<xmin>274</xmin>
			<ymin>32</ymin>
			<xmax>297</xmax>
			<ymax>78</ymax>
		</bndbox>
	</object>
	<object>
		<name>Player</name>
		<pose>Unspecified</pose>
		<truncated>0</truncated>
		<difficult>0</difficult>
		<bndbox>
			<xmin>340</xmin>
			<ymin>243</ymin>
			<xmax>375</xmax>
			<ymax>317</ymax>
		</bndbox>
	</object>
</annotation>
