<annotation>
	<folder>test</folder>
	<filename>frame252.jpg</filename>
	<path>C:\Users\100707158\AtomProjects\obj_detect_test\test\frame252.jpg</path>
	<source>
		<database>Unknown</database>
	</source>
	<size>
		<width>640</width>
		<height>360</height>
		<depth>3</depth>
	</size>
	<segmented>0</segmented>
	<object>
		<name>Player</name>
		<pose>Unspecified</pose>
		<truncated>0</truncated>
		<difficult>0</difficult>
		<bndbox>
			<xmin>171</xmin>
			<ymin>219</ymin>
			<xmax>212</xmax>
			<ymax>301</ymax>
		</bndbox>
	</object>
	<object>
		<name>Player</name>
		<pose>Unspecified</pose>
		<truncated>0</truncated>
		<difficult>0</difficult>
		<bndbox>
			<xmin>324</xmin>
			<ymin>37</ymin>
			<xmax>338</xmax>
			<ymax>72</ymax>
		</bndbox>
	</object>
	<object>
		<name>Ball</name>
		<pose>Unspecified</pose>
		<truncated>0</truncated>
		<difficult>0</difficult>
		<bndbox>
			<xmin>246</xmin>
			<ymin>219</ymin>
			<xmax>252</xmax>
			<ymax>226</ymax>
		</bndbox>
	</object>
</annotation>
