<annotation>
	<folder>train</folder>
	<filename>frame3654.jpg</filename>
	<path>C:\Users\100707158\AtomProjects\obj_detect_test\train\frame3654.jpg</path>
	<source>
		<database>Unknown</database>
	</source>
	<size>
		<width>640</width>
		<height>360</height>
		<depth>3</depth>
	</size>
	<segmented>0</segmented>
	<object>
		<name>Player</name>
		<pose>Unspecified</pose>
		<truncated>0</truncated>
		<difficult>0</difficult>
		<bndbox>
			<xmin>413</xmin>
			<ymin>243</ymin>
			<xmax>443</xmax>
			<ymax>304</ymax>
		</bndbox>
	</object>
	<object>
		<name>Player</name>
		<pose>Unspecified</pose>
		<truncated>0</truncated>
		<difficult>0</difficult>
		<bndbox>
			<xmin>298</xmin>
			<ymin>50</ymin>
			<xmax>324</xmax>
			<ymax>84</ymax>
		</bndbox>
	</object>
	<object>
		<name>Ball</name>
		<pose>Unspecified</pose>
		<truncated>0</truncated>
		<difficult>0</difficult>
		<bndbox>
			<xmin>359</xmin>
			<ymin>75</ymin>
			<xmax>364</xmax>
			<ymax>81</ymax>
		</bndbox>
	</object>
</annotation>
