<annotation>
	<folder>train</folder>
	<filename>frame3528.jpg</filename>
	<path>C:\Users\100707158\AtomProjects\obj_detect_test\train\frame3528.jpg</path>
	<source>
		<database>Unknown</database>
	</source>
	<size>
		<width>640</width>
		<height>360</height>
		<depth>3</depth>
	</size>
	<segmented>0</segmented>
	<object>
		<name>Player</name>
		<pose>Unspecified</pose>
		<truncated>0</truncated>
		<difficult>0</difficult>
		<bndbox>
			<xmin>293</xmin>
			<ymin>272</ymin>
			<xmax>356</xmax>
			<ymax>344</ymax>
		</bndbox>
	</object>
	<object>
		<name>Player</name>
		<pose>Unspecified</pose>
		<truncated>0</truncated>
		<difficult>0</difficult>
		<bndbox>
			<xmin>249</xmin>
			<ymin>35</ymin>
			<xmax>270</xmax>
			<ymax>74</ymax>
		</bndbox>
	</object>
	<object>
		<name>Ball</name>
		<pose>Unspecified</pose>
		<truncated>0</truncated>
		<difficult>0</difficult>
		<bndbox>
			<xmin>299</xmin>
			<ymin>76</ymin>
			<xmax>304</xmax>
			<ymax>81</ymax>
		</bndbox>
	</object>
</annotation>
