<annotation>
	<folder>train</folder>
	<filename>frame2142.jpg</filename>
	<path>C:\Users\100707158\AtomProjects\obj_detect_test\train\frame2142.jpg</path>
	<source>
		<database>Unknown</database>
	</source>
	<size>
		<width>640</width>
		<height>360</height>
		<depth>3</depth>
	</size>
	<segmented>0</segmented>
	<object>
		<name>Player</name>
		<pose>Unspecified</pose>
		<truncated>0</truncated>
		<difficult>0</difficult>
		<bndbox>
			<xmin>348</xmin>
			<ymin>114</ymin>
			<xmax>385</xmax>
			<ymax>184</ymax>
		</bndbox>
	</object>
	<object>
		<name>Player</name>
		<pose>Unspecified</pose>
		<truncated>0</truncated>
		<difficult>0</difficult>
		<bndbox>
			<xmin>315</xmin>
			<ymin>50</ymin>
			<xmax>335</xmax>
			<ymax>84</ymax>
		</bndbox>
	</object>
	<object>
		<name>Ball</name>
		<pose>Unspecified</pose>
		<truncated>0</truncated>
		<difficult>0</difficult>
		<bndbox>
			<xmin>381</xmin>
			<ymin>102</ymin>
			<xmax>387</xmax>
			<ymax>108</ymax>
		</bndbox>
	</object>
</annotation>
