<annotation>
	<folder>train</folder>
	<filename>frame3402.jpg</filename>
	<path>C:\Users\100707158\AtomProjects\obj_detect_test\train\frame3402.jpg</path>
	<source>
		<database>Unknown</database>
	</source>
	<size>
		<width>640</width>
		<height>360</height>
		<depth>3</depth>
	</size>
	<segmented>0</segmented>
	<object>
		<name>Player</name>
		<pose>Unspecified</pose>
		<truncated>0</truncated>
		<difficult>0</difficult>
		<bndbox>
			<xmin>228</xmin>
			<ymin>289</ymin>
			<xmax>263</xmax>
			<ymax>356</ymax>
		</bndbox>
	</object>
	<object>
		<name>Player</name>
		<pose>Unspecified</pose>
		<truncated>0</truncated>
		<difficult>0</difficult>
		<bndbox>
			<xmin>398</xmin>
			<ymin>37</ymin>
			<xmax>423</xmax>
			<ymax>76</ymax>
		</bndbox>
	</object>
</annotation>
