<annotation>
	<folder>train</folder>
	<filename>frame13986.jpg</filename>
	<path>C:\Users\100707158\AtomProjects\obj_detect_test\train\frame13986.jpg</path>
	<source>
		<database>Unknown</database>
	</source>
	<size>
		<width>640</width>
		<height>360</height>
		<depth>3</depth>
	</size>
	<segmented>0</segmented>
	<object>
		<name>Player</name>
		<pose>Unspecified</pose>
		<truncated>0</truncated>
		<difficult>0</difficult>
		<bndbox>
			<xmin>94</xmin>
			<ymin>187</ymin>
			<xmax>124</xmax>
			<ymax>244</ymax>
		</bndbox>
	</object>
	<object>
		<name>Ball</name>
		<pose>Unspecified</pose>
		<truncated>0</truncated>
		<difficult>0</difficult>
		<bndbox>
			<xmin>138</xmin>
			<ymin>155</ymin>
			<xmax>142</xmax>
			<ymax>159</ymax>
		</bndbox>
	</object>
	<object>
		<name>Player</name>
		<pose>Unspecified</pose>
		<truncated>0</truncated>
		<difficult>0</difficult>
		<bndbox>
			<xmin>279</xmin>
			<ymin>80</ymin>
			<xmax>296</xmax>
			<ymax>115</ymax>
		</bndbox>
	</object>
</annotation>
