<annotation>
	<folder>train</folder>
	<filename>frame378.jpg</filename>
	<path>C:\Users\100707158\AtomProjects\obj_detect_test\train\frame378.jpg</path>
	<source>
		<database>Unknown</database>
	</source>
	<size>
		<width>640</width>
		<height>360</height>
		<depth>3</depth>
	</size>
	<segmented>0</segmented>
	<object>
		<name>Player</name>
		<pose>Unspecified</pose>
		<truncated>0</truncated>
		<difficult>0</difficult>
		<bndbox>
			<xmin>264</xmin>
			<ymin>149</ymin>
			<xmax>301</xmax>
			<ymax>207</ymax>
		</bndbox>
	</object>
	<object>
		<name>Player</name>
		<pose>Unspecified</pose>
		<truncated>0</truncated>
		<difficult>0</difficult>
		<bndbox>
			<xmin>387</xmin>
			<ymin>61</ymin>
			<xmax>416</xmax>
			<ymax>96</ymax>
		</bndbox>
	</object>
	<object>
		<name>Ball</name>
		<pose>Unspecified</pose>
		<truncated>0</truncated>
		<difficult>0</difficult>
		<bndbox>
			<xmin>435</xmin>
			<ymin>88</ymin>
			<xmax>440</xmax>
			<ymax>93</ymax>
		</bndbox>
	</object>
</annotation>
