<annotation>
	<folder>train</folder>
	<filename>frame2268.jpg</filename>
	<path>C:\Users\100707158\AtomProjects\obj_detect_test\train\frame2268.jpg</path>
	<source>
		<database>Unknown</database>
	</source>
	<size>
		<width>640</width>
		<height>360</height>
		<depth>3</depth>
	</size>
	<segmented>0</segmented>
	<object>
		<name>Player</name>
		<pose>Unspecified</pose>
		<truncated>0</truncated>
		<difficult>0</difficult>
		<bndbox>
			<xmin>317</xmin>
			<ymin>215</ymin>
			<xmax>335</xmax>
			<ymax>274</ymax>
		</bndbox>
	</object>
	<object>
		<name>Player</name>
		<pose>Unspecified</pose>
		<truncated>0</truncated>
		<difficult>0</difficult>
		<bndbox>
			<xmin>268</xmin>
			<ymin>100</ymin>
			<xmax>289</xmax>
			<ymax>138</ymax>
		</bndbox>
	</object>
</annotation>
