<annotation>
	<folder>train</folder>
	<filename>frame5796.jpg</filename>
	<path>C:\Users\100707158\AtomProjects\obj_detect_test\train\frame5796.jpg</path>
	<source>
		<database>Unknown</database>
	</source>
	<size>
		<width>640</width>
		<height>360</height>
		<depth>3</depth>
	</size>
	<segmented>0</segmented>
	<object>
		<name>Player</name>
		<pose>Unspecified</pose>
		<truncated>0</truncated>
		<difficult>0</difficult>
		<bndbox>
			<xmin>367</xmin>
			<ymin>258</ymin>
			<xmax>416</xmax>
			<ymax>324</ymax>
		</bndbox>
	</object>
	<object>
		<name>Ball</name>
		<pose>Unspecified</pose>
		<truncated>0</truncated>
		<difficult>0</difficult>
		<bndbox>
			<xmin>467</xmin>
			<ymin>250</ymin>
			<xmax>472</xmax>
			<ymax>256</ymax>
		</bndbox>
	</object>
	<object>
		<name>Player</name>
		<pose>Unspecified</pose>
		<truncated>0</truncated>
		<difficult>0</difficult>
		<bndbox>
			<xmin>395</xmin>
			<ymin>51</ymin>
			<xmax>419</xmax>
			<ymax>86</ymax>
		</bndbox>
	</object>
</annotation>
