<annotation>
	<folder>train</folder>
	<filename>frame882.jpg</filename>
	<path>C:\Users\100707158\AtomProjects\obj_detect_test\train\frame882.jpg</path>
	<source>
		<database>Unknown</database>
	</source>
	<size>
		<width>640</width>
		<height>360</height>
		<depth>3</depth>
	</size>
	<segmented>0</segmented>
	<object>
		<name>Player</name>
		<pose>Unspecified</pose>
		<truncated>1</truncated>
		<difficult>0</difficult>
		<bndbox>
			<xmin>18</xmin>
			<ymin>1</ymin>
			<xmax>196</xmax>
			<ymax>242</ymax>
		</bndbox>
	</object>
	<object>
		<name>Ball</name>
		<pose>Unspecified</pose>
		<truncated>0</truncated>
		<difficult>0</difficult>
		<bndbox>
			<xmin>519</xmin>
			<ymin>273</ymin>
			<xmax>538</xmax>
			<ymax>288</ymax>
		</bndbox>
	</object>
</annotation>
