<annotation>
	<folder>train</folder>
	<filename>frame4536.jpg</filename>
	<path>C:\Users\100707158\AtomProjects\obj_detect_test\train\frame4536.jpg</path>
	<source>
		<database>Unknown</database>
	</source>
	<size>
		<width>640</width>
		<height>360</height>
		<depth>3</depth>
	</size>
	<segmented>0</segmented>
	<object>
		<name>Player</name>
		<pose>Unspecified</pose>
		<truncated>0</truncated>
		<difficult>0</difficult>
		<bndbox>
			<xmin>318</xmin>
			<ymin>227</ymin>
			<xmax>341</xmax>
			<ymax>303</ymax>
		</bndbox>
	</object>
	<object>
		<name>Ball</name>
		<pose>Unspecified</pose>
		<truncated>0</truncated>
		<difficult>0</difficult>
		<bndbox>
			<xmin>296</xmin>
			<ymin>220</ymin>
			<xmax>301</xmax>
			<ymax>226</ymax>
		</bndbox>
	</object>
	<object>
		<name>Player</name>
		<pose>Unspecified</pose>
		<truncated>0</truncated>
		<difficult>0</difficult>
		<bndbox>
			<xmin>311</xmin>
			<ymin>35</ymin>
			<xmax>335</xmax>
			<ymax>69</ymax>
		</bndbox>
	</object>
</annotation>
