<annotation>
	<folder>train</folder>
	<filename>frame13104.jpg</filename>
	<path>C:\Users\100707158\AtomProjects\obj_detect_test\train\frame13104.jpg</path>
	<source>
		<database>Unknown</database>
	</source>
	<size>
		<width>640</width>
		<height>360</height>
		<depth>3</depth>
	</size>
	<segmented>0</segmented>
	<object>
		<name>Player</name>
		<pose>Unspecified</pose>
		<truncated>0</truncated>
		<difficult>0</difficult>
		<bndbox>
			<xmin>378</xmin>
			<ymin>131</ymin>
			<xmax>420</xmax>
			<ymax>192</ymax>
		</bndbox>
	</object>
	<object>
		<name>Ball</name>
		<pose>Unspecified</pose>
		<truncated>0</truncated>
		<difficult>0</difficult>
		<bndbox>
			<xmin>542</xmin>
			<ymin>155</ymin>
			<xmax>553</xmax>
			<ymax>165</ymax>
		</bndbox>
	</object>
	<object>
		<name>Player</name>
		<pose>Unspecified</pose>
		<truncated>0</truncated>
		<difficult>0</difficult>
		<bndbox>
			<xmin>249</xmin>
			<ymin>56</ymin>
			<xmax>267</xmax>
			<ymax>92</ymax>
		</bndbox>
	</object>
</annotation>
