<annotation>
	<folder>train</folder>
	<filename>frame4158.jpg</filename>
	<path>C:\Users\100707158\AtomProjects\obj_detect_test\train\frame4158.jpg</path>
	<source>
		<database>Unknown</database>
	</source>
	<size>
		<width>640</width>
		<height>360</height>
		<depth>3</depth>
	</size>
	<segmented>0</segmented>
	<object>
		<name>Player</name>
		<pose>Unspecified</pose>
		<truncated>0</truncated>
		<difficult>0</difficult>
		<bndbox>
			<xmin>416</xmin>
			<ymin>228</ymin>
			<xmax>455</xmax>
			<ymax>291</ymax>
		</bndbox>
	</object>
	<object>
		<name>Player</name>
		<pose>Unspecified</pose>
		<truncated>0</truncated>
		<difficult>0</difficult>
		<bndbox>
			<xmin>315</xmin>
			<ymin>48</ymin>
			<xmax>332</xmax>
			<ymax>77</ymax>
		</bndbox>
	</object>
	<object>
		<name>Ball</name>
		<pose>Unspecified</pose>
		<truncated>0</truncated>
		<difficult>0</difficult>
		<bndbox>
			<xmin>389</xmin>
			<ymin>104</ymin>
			<xmax>392</xmax>
			<ymax>107</ymax>
		</bndbox>
	</object>
</annotation>
