<annotation>
	<folder>train</folder>
	<filename>frame13734.jpg</filename>
	<path>C:\Users\100707158\AtomProjects\obj_detect_test\train\frame13734.jpg</path>
	<source>
		<database>Unknown</database>
	</source>
	<size>
		<width>640</width>
		<height>360</height>
		<depth>3</depth>
	</size>
	<segmented>0</segmented>
	<object>
		<name>Player</name>
		<pose>Unspecified</pose>
		<truncated>0</truncated>
		<difficult>0</difficult>
		<bndbox>
			<xmin>299</xmin>
			<ymin>261</ymin>
			<xmax>331</xmax>
			<ymax>330</ymax>
		</bndbox>
	</object>
	<object>
		<name>Ball</name>
		<pose>Unspecified</pose>
		<truncated>0</truncated>
		<difficult>0</difficult>
		<bndbox>
			<xmin>324</xmin>
			<ymin>120</ymin>
			<xmax>331</xmax>
			<ymax>128</ymax>
		</bndbox>
	</object>
	<object>
		<name>Player</name>
		<pose>Unspecified</pose>
		<truncated>0</truncated>
		<difficult>0</difficult>
		<bndbox>
			<xmin>339</xmin>
			<ymin>69</ymin>
			<xmax>362</xmax>
			<ymax>98</ymax>
		</bndbox>
	</object>
</annotation>
