<annotation>
	<folder>train</folder>
	<filename>frame4662.jpg</filename>
	<path>C:\Users\100707158\AtomProjects\obj_detect_test\train\frame4662.jpg</path>
	<source>
		<database>Unknown</database>
	</source>
	<size>
		<width>640</width>
		<height>360</height>
		<depth>3</depth>
	</size>
	<segmented>0</segmented>
	<object>
		<name>Player</name>
		<pose>Unspecified</pose>
		<truncated>0</truncated>
		<difficult>0</difficult>
		<bndbox>
			<xmin>262</xmin>
			<ymin>235</ymin>
			<xmax>314</xmax>
			<ymax>305</ymax>
		</bndbox>
	</object>
	<object>
		<name>Player</name>
		<pose>Unspecified</pose>
		<truncated>0</truncated>
		<difficult>0</difficult>
		<bndbox>
			<xmin>365</xmin>
			<ymin>33</ymin>
			<xmax>380</xmax>
			<ymax>69</ymax>
		</bndbox>
	</object>
</annotation>
