<annotation>
	<folder>train</folder>
	<filename>frame3780.jpg</filename>
	<path>C:\Users\100707158\AtomProjects\obj_detect_test\train\frame3780.jpg</path>
	<source>
		<database>Unknown</database>
	</source>
	<size>
		<width>640</width>
		<height>360</height>
		<depth>3</depth>
	</size>
	<segmented>0</segmented>
	<object>
		<name>Player</name>
		<pose>Unspecified</pose>
		<truncated>0</truncated>
		<difficult>0</difficult>
		<bndbox>
			<xmin>262</xmin>
			<ymin>258</ymin>
			<xmax>297</xmax>
			<ymax>329</ymax>
		</bndbox>
	</object>
	<object>
		<name>Player</name>
		<pose>Unspecified</pose>
		<truncated>0</truncated>
		<difficult>0</difficult>
		<bndbox>
			<xmin>348</xmin>
			<ymin>47</ymin>
			<xmax>370</xmax>
			<ymax>83</ymax>
		</bndbox>
	</object>
</annotation>
