<annotation>
	<folder>train</folder>
	<filename>frame12978.jpg</filename>
	<path>C:\Users\100707158\AtomProjects\obj_detect_test\train\frame12978.jpg</path>
	<source>
		<database>Unknown</database>
	</source>
	<size>
		<width>640</width>
		<height>360</height>
		<depth>3</depth>
	</size>
	<segmented>0</segmented>
	<object>
		<name>Player</name>
		<pose>Unspecified</pose>
		<truncated>0</truncated>
		<difficult>0</difficult>
		<bndbox>
			<xmin>231</xmin>
			<ymin>164</ymin>
			<xmax>280</xmax>
			<ymax>240</ymax>
		</bndbox>
	</object>
	<object>
		<name>Player</name>
		<pose>Unspecified</pose>
		<truncated>0</truncated>
		<difficult>0</difficult>
		<bndbox>
			<xmin>312</xmin>
			<ymin>36</ymin>
			<xmax>329</xmax>
			<ymax>61</ymax>
		</bndbox>
	</object>
</annotation>
