<annotation>
	<folder>train</folder>
	<filename>frame1134.jpg</filename>
	<path>C:\Users\100707158\AtomProjects\obj_detect_test\train\frame1134.jpg</path>
	<source>
		<database>Unknown</database>
	</source>
	<size>
		<width>640</width>
		<height>360</height>
		<depth>3</depth>
	</size>
	<segmented>0</segmented>
	<object>
		<name>Ball</name>
		<pose>Unspecified</pose>
		<truncated>0</truncated>
		<difficult>0</difficult>
		<bndbox>
			<xmin>265</xmin>
			<ymin>170</ymin>
			<xmax>278</xmax>
			<ymax>181</ymax>
		</bndbox>
	</object>
	<object>
		<name>Player</name>
		<pose>Unspecified</pose>
		<truncated>0</truncated>
		<difficult>0</difficult>
		<bndbox>
			<xmin>421</xmin>
			<ymin>138</ymin>
			<xmax>555</xmax>
			<ymax>258</ymax>
		</bndbox>
	</object>
</annotation>
